<tags>
<a href="http://wellsait.ru/index_01.html" class="tag-link-100" title="Готовый сайт" rel="tag" style="font-size: 10pt;" color="0xff0099">Готовый сайт</a>
<a href="http://wellsait.ru/index_02.html" class="tag-link-209" title="Шаблон бесплатно" rel="tag" style="font-size: 12pt;" color="0x2F1AC4">Шаблон бесплатно</a>
<a href="http://wellsait.ru/index_03.html" class="tag-link-354" title="Создание сайта" rel="tag" style="font-size: 6pt;">Создание сайта</a>
<a href="http://wellsait.ru/index_04.html" class="tag-link-182" title="Программы" rel="tag" style="font-size: 8pt;" color="0x438605">Программы</a>
<a href="http://wellsait.ru/index_05.html" class="tag-link-125" title="Хостинг" rel="tag" style="font-size: 6pt;">Хостинг</a>
<a href="http://wellsait.ru/index_06.html" class="tag-link-227" title="Доменное имя " rel="tag" style="font-size: 8pt;" color="0x438605">Доменное имя</a>
<a href="http://wellsait.ru/index_07.html" class="tag-link-29" title="Java Script" rel="tag" style="font-size: 8pt;">Java Script</a>
<a href="http://wellsait.ru/index_08.html" class="tag-link-143" title="Оптимизация сайта" rel="tag" style="font-size: 7pt;" hicolor="0x000099">Оптимизация сайта</a>
<a href="http://wellsait.ru/index_09.html" class="tag-link-324" title="Веб дизайн" rel="tag" style="font-size: 8pt;" color="0x2F1AC4">Веб дизайн</a>
<a href="http://wellsait.ru/index_10.html" class="tag-link-48" title="Продвижение сайта" rel="tag" style="font-size: 9pt;">Продвижение сайта</a>
<a href="http://wellsait.ru/index_11.html" class="tag-link-260" title="Регистрация сайта" rel="tag" style="font-size: 6pt;" color="0xff0099">Регистрация сайта</a>
<a href="http://wellsait.ru/index_12.html" class="tag-link-7" title="Флэш анимация" rel="tag" style="font-size: 11pt;">Флэш анимация</a>
<a href="http://wellsait.ru/shablon.html" class="tag-link-18" title="Шаблоны" rel="tag" style="font-size: 8pt;" color="0x2F1AC4">Шаблоны</a>
<a href="http://wellsait.ru/site.html" class="tag-link-304" title="Сайты" rel="tag" style="font-size: 7pt;" color="0x438605">Сайты</a>

</tags>